source,author,title,description,url,urlToImage,publishedAt,content
"{'id': None, 'name': 'HuffPost'}",Ed Mazza,'Pathetic Ass Kissing': Critics Slam Trump's Bizarre 'Nobel Peace Prize' Moment,Israeli Prime Minister Benjamin Netanyahu said he nominated the president for the award.,https://www.huffpost.com/entry/trump-peace-prize-netanyahu_n_686cc8efe4b0c11188c95c86,https://img.huffingtonpost.com/asset/686ccf861b0000d92017af67.jpeg?cache=qIwlsHDn24&ops=1200_630,2025-07-08T08:58:35Z,"Critics are calling out President Donald Trump and Israeli Prime Minister Benjamin Netanyahu for an unexpected scene at the White House on Monday. 
Netanyahu, who has been accused of war crimes for … [+3952 chars]"
"{'id': None, 'name': 'Blogdumoderateur.com'}",Étienne Caillebotte,"Entre X et Threads, l’écart se resserre en nombre d’utilisateurs actifs","En un an, Threads a enregistré une croissance de 127,8 % sur iOS et Android. En termes d'utilisateurs actifs quotidiens, la plateforme fait désormais jeu égal avec X.",https://www.blogdumoderateur.com/x-threads-nombre-utilisateurs-actifs/,https://f.hellowork.com/blogdumoderateur/2025/07/threads-comble-ecart-x-1200x628.jpeg,2025-07-08T08:58:22Z,"L’écart entre X et Threads se réduit. Selon une récente étude de Similarweb, relayée par TechCrunch, l’application de microblogging lancée par Meta en juillet 2023 rassemblerait quotidiennement chaqu… [+2462 chars]"
"{'id': None, 'name': 'The Star Online'}",The Star Online,"New trade war deadline prolongs instability, UN trade agency says","GENEVA (Reuters) -The Trump administration's decision to extend a negotiating deadline for tariff rates is prolonging uncertainty and instability for countries, the executive director of the United Nations trade agency said on Tuesday. Read full story",https://www.thestar.com.my/news/world/2025/07/08/new-trade-war-deadline-prolongs-instability-un-trade-agency-says,https://apicms.thestar.com.my/uploads/images/2025/07/08/3406246.jpg,2025-07-08T08:57:00Z,"GENEVA (Reuters) -The Trump administration's decision to extend a negotiating deadline for tariff rates is prolonging uncertainty and instability for countries, the executive director of the United N… [+1245 chars]"
"{'id': 'nbc-news', 'name': 'NBC News'}",The Associated Press,Trump administration revokes terrorism designation of new Syrian leader’s group,The Trump administration is revoking the terrorism designation of a group led by Syria’s new president as part of a broader U.S. engagement with the transitional government since the ouster of former leader Bashar Assad late last year.,https://www.nbcnews.com/world/middle-east/trump-revokes-terrorism-designation-new-syrian-leaders-rcna217406,"https://media-cldnry.s-nbcnews.com/image/upload/t_nbcnews-fp-1200-630,f_auto,q_auto:best/rockcms/2023-11/nebula-cms-fallback-logos-nbcnews-81f6e4.jpg",2025-07-08T08:56:51Z,WASHINGTON (AP) The Trump administration is revoking the terrorism designation of a group led by Syrias new president as part of a broader U.S. engagement with the transitional government since the o… [+3260 chars]
"{'id': None, 'name': 'Anlatilaninotesi.com.tr'}",Sputnik Türkiye,Japonya'dan Trump'ın yüzde 25 vergi kararına tepki: 'Talihsiz',"Japonya Başbakanı İşiba Şigeru, ABD Başkanı Donald Trump'ın ülkesine yüzde 25 tarife uygulama kararının 'talihsiz' olduğunu belirtti. İki ülke arasında karşılıklı yarar sağlayan bir anlaşma için ikili görüşmelerin devam edeceğini söyleyen İshiba, 'Japonya, ge…",https://anlatilaninotesi.com.tr/20250708/japonyadan-trumpin-yuzde-25-vergi-kararina-tepki-talihsiz-1097691404.html,https://cdn.img.anlatilaninotesi.com.tr/images/sharing/article/tur/1097691404.jpg?10902526371751965003,2025-07-08T08:56:42Z,"Rusya, ABD, Avrupa ve Ortadou bata olmak üzere dünyann dört bir yanndan son dakika haberleri, analizler ve özel dosyalar.
https://anlatilaninotesi.com.tr/20250708/japonyadan-trumpin-yuzde-25-vergi-k… [+3127 chars]"
"{'id': None, 'name': 'The Star Online'}",The Star Online,US envoy Kellogg to attend Ukraine aid conference in Rome,"ROME (Reuters) -U.S. President Donald Trump's Ukraine envoy Keith Kellogg will attend a July 10-11 international aid conference on Ukraine in Rome, an Italian government source said, a day after Trump said the U.S. would resume sending weapons to Kyiv. Read f…",https://www.thestar.com.my/news/world/2025/07/08/us-envoy-kellogg-to-attend-ukraine-aid-conference-in-rome,https://apicms.thestar.com.my/uploads/images/2025/07/08/3406233.jpg,2025-07-08T08:56:00Z,"ROME (Reuters) -U.S. President Donald Trump's Ukraine envoy Keith Kellogg will attend a July 10-11 international aid conference on Ukraine in Rome, an Italian government source said, a day after Trum… [+1644 chars]"
"{'id': None, 'name': 'Europapress.es'}",,"xAI actualiza Grok para asumir que los puntos de vista de los medios son ""sesgados""","xAI ha actualizado el asistente conversacional de inteligencia artificial Grok con el fin de que sea consciente de que los puntos de vista de los medios son ""sesgados"" y pueda hacer declaraciones ""políticamente incorrectas"".",https://www.europapress.es/portaltic/socialmedia/noticia-xai-actualiza-grok-asumir-puntos-vista-medios-son-sesgados-20250708105454.html,https://img.europapress.es/fotoweb/fotonoticia_20250708105454_1200.jpg,2025-07-08T08:54:54Z,"MADRID, 8 Jul. (Portaltic/EP) - 
   xAI ha actualizado el asistente conversacional de inteligencia artificial Grok con el fin de que sea consciente de que los puntos de vista de los medios son ""sesg… [+1919 chars]"
"{'id': None, 'name': 'Terra.com.br'}",RFI,Trump diz que Hamas busca cessar-fogo; Netanyahu insiste na retirada dos palestinos de Gaza,"Nenhum progresso significativo foi alcançado sobre a situação em Gaza durante um jantar nesta segunda-feira (7) na Casa Branca entre o primeiro-ministro israelense, Benjamin Netanyahu, e o presidente americano, Donald Trump. O encontro serviu principalmente p…","https://www.terra.com.br/noticias/mundo/america-latina/trump-diz-que-hamas-busca-cessar-fogo-netanyahu-insiste-na-retirada-dos-palestinos-de-gaza,d83801713966750f1fb0407c4851ff12f04bfqnv.html",https://p2.trrsf.com/image/fget/cf/1200/630/middle/images.terra.com/2025/07/08/381300709-ap25188849387954.jpg,2025-07-08T08:54:48Z,"Nenhum progresso significativo foi alcançado sobre a situação em Gaza durante um jantar nesta segunda-feira (7) na Casa Branca entre o primeiro-ministro israelense, Benjamin Netanyahu, e o presidente… [+3471 chars]"
"{'id': None, 'name': 'Faz.net'}",https://www.facebook.com/faz,Liveblog Trump-Zölle: Deutsche Exporteure: Kein Zoll-Deal mit Trump um jeden Preis,Trump hält sich weitere Verschiebung der Zoll-Frist offen +++ Neue Zölle für asiatische Länder +++ „Guter Austausch“ zwischen Trump und von der Leyen +++ alle Neuigkeiten im Liveblog.,https://www.faz.net/aktuell/wirtschaft/trumps-us-zoelle-im-liveticker-deutsche-exporteure-kein-zoll-deal-mit-trump-um-jeden-preis-faz-110405237.html,https://media0.faz.net/ppmedia/aktuell/wirtschaft/293970733/1.10580164/facebook_teaser/dirk-jandura-praesident-des.jpg,2025-07-08T08:53:10Z,"US-Präsident Donald Trump hat das Inkrafttreten der angedrohten hohen Einfuhrzölle ab dem 1. August bestätigt, sollte es nicht zuvor zu einer Einigung mit verschiedenen Ländern kommen. Die USA stünde… [+911 chars]"
"{'id': None, 'name': 'Portfolio.hu'}",Portfolio.hu,Súlyos számok érkeztek: valami nagyon eltört Ukrajnában,"Egy friss felmérés szerint az ukrán lakosság 47%-a úgy véli, hogy tíz év múlva Ukrajna inkább egy lerombolt, jelentős népességcsökkenéssel küzdő ország lesz, nem pedig az Európai Unió virágzó tagállama - közölte az Ukrainszka Pravda.",https://www.portfolio.hu/global/20250708/sulyos-szamok-erkeztek-valami-nagyon-eltort-ukrajnaban-773135,https://pcdn.hu/articles/images-xl/b/a/h/bahmut-ukrajna-orosz-haboru-getty-stock-576178.jpg,2025-07-08T08:52:00Z,"Az ukrán lap által közölt adatok szerint, amelyek a Kijevi Nemzetközi Szociológiai Intézet (KIIS) 2025 május-júniusában végzett felmérésébl származnak, jelentsen
ntt a pesszimista ukránok aránya.
A… [+1585 chars]"
"{'id': 'the-times-of-india', 'name': 'The Times of India'}",AFP,Israel-Hamas ceasefire negotiations resume as Trump pushes for deal,"Indirect ceasefire negotiations between Israel and Hamas have resumed in Qatar, while President Trump urges Prime Minister Netanyahu for a deal. Discussions focus on withdrawal mechanisms and humanitarian aid, but no breakthrough has been achieved yet. Trump …",https://economictimes.indiatimes.com/news/defence/israel-hamas-ceasefire-negotiations-resume-as-trump-pushes-for-deal/articleshow/122316540.cms,"https://img.etimg.com/thumb/msid-122316558,width-1200,height-630,imgsize-170978,overlay-etdefence/articleshow.jpg",2025-07-08T08:51:40Z,"Indirect negotiations on a Gaza ceasefire between Israel and Hamas resumed in Qatar on Tuesday, as US President Donald Trump pressed Israeli Prime Minister Benjamin Netanyahu for a deal to end the wa… [+4328 chars]"
"{'id': None, 'name': 'New York Post'}",Associated Press,5 Israeli soldiers killed in northern Gaza and 18 Palestinians dead in Israeli strikes,The bloodshed came as Israeli Prime Minister Benjamin Netanyahu was visiting the White House for talks with President Trump.,https://nypost.com/2025/07/08/world-news/5-israeli-soldiers-killed-in-northern-gaza-and-18-palestinians-dead-in-israeli-strikes/,https://nypost.com/wp-content/uploads/sites/2/2025/07/107793766.jpg?quality=75&strip=all&w=1024,2025-07-08T08:51:21Z,"Five Israeli soldiers were killed in an attack in Gaza, the Israeli military said Tuesday, while health officials in the Palestinian territory said 18 people were killed in Israeli strikes.
The bloo… [+4352 chars]"
"{'id': None, 'name': 'Olhardigital.com.br'}",Alessandro Di Lorenzo,A infraestrutura invisível que alimenta a IA,"Ao contrário do que se possa imaginar, o desenvolvimento da inteligência artificial depende de questões que vão além da própria tecnologia
O post A infraestrutura invisível que alimenta a IA apareceu primeiro em Olhar Digital.",https://olhardigital.com.br/2025/07/08/pro/a-infraestrutura-invisivel-que-alimenta-a-ia/,https://img.odcdn.com.br/wp-content/uploads/2024/11/inteligencia_artificial-1-scaled.jpg,2025-07-08T08:50:00Z,"A inteligência artificial já é considerada uma tecnologia estratégica para as principais potências do mundo. Não é por acaso que o governo dos Estados Unidos, por exemplo, gasta bilhões de dólares na… [+4148 chars]"
"{'id': None, 'name': 'Biztoc.com'}",semafor.com,Trump reignites trade war with new tariffs,"US President Donald Trump on Monday threatened higher tariffs on several countries unless they strike trade deals by Aug. 1.
Trump sent letters to major trading partners, including Japan and South Korea, dictating new blanket tariffs after extending the July …",https://biztoc.com/x/8dda33b697a14a7d,https://biztoc.com/cdn/8dda33b697a14a7d_s.webp,2025-07-08T08:49:45Z,"US President Donald Trump on Monday threatened higher tariffs on several countries unless they strike trade deals by Aug. 1.Trump sent letters to major trading partners, including Japan and South Kor… [+143 chars]"
"{'id': None, 'name': 'Yahoo Entertainment'}",,Donald Trump Was Asked About A Key Promise. What Followed Was Pure Gibberish.,,https://consent.yahoo.com/v2/collectConsent?sessionId=1_cc-session_b94e14e7-4626-40c7-9583-a0a017bc9ffb,,2025-07-08T08:49:35Z,"If you click 'Accept all', we and our partners, including 236 who are part of the IAB Transparency &amp; Consent Framework, will also store and/or access information on a device (in other words, use … [+714 chars]"
"{'id': None, 'name': 'Globalsecurity.org'}",John Pike,"US To 'Send Some More Weapons' To Ukraine, Trump Says In Apparent Reversal Of Pentagon Policy",US President Donald Trump on July 7 said the United States will send more weapons to Ukraine to help the war-torn country defend itself against Russian attacks.,https://www.globalsecurity.org/wmd/library/news/ukraine/2025/07/ukraine-250708-rferl01.htm,,2025-07-08T08:48:07Z,"By RFE/RL July 08, 2025
US President Donald Trump on July 7 said the United States will send more weapons to Ukraine to help the war-torn country defend itself against Russian attacks.
""We're going… [+3885 chars]"
"{'id': None, 'name': 'Sky.com'}",Ed Conway,UK to miss deadline to agree steel and aluminium tariffs,"The UK will miss the White House-imposed deadline to agree a trade deal on steel and aluminium this week, according to insiders from government and industry.",https://news.sky.com/story/uk-to-miss-deadline-to-agree-steel-and-aluminium-tariffs-13393936,https://e3.365dm.com/25/06/1600x900/skynews-port-talbot-steelworks_6937105.jpg?20250609033931,2025-07-08T08:48:00Z,"The UK will miss the White House-imposed deadline to agree a trade deal on steel and aluminium this week, according to insiders from government and industry.
Donald Trump had insisted that unless Br… [+1973 chars]"
"{'id': None, 'name': 'Haber7.com'}",Fatih Yoncalık,İşiba’dan tarife kararı değerlendirmesi... ABD'nin Japonya kararı ‘talihsiz’,"ABD Başkanı Donald Trump'ın Japonya'ya yüzde 25 tarife uygulama kararı alması akabinde konuşan Japonya Başbakanı İşiba Şigeru, ABD'nin kararını ""talihsiz"" bulduğunun altını çizdi.",https://www.haber7.com/dunya/haber/3545271-isibadan-tarife-karari-degerlendirmesi-abdnin-japonya-karari-talihsiz,https://i12.haber7.net//haber/haber7/og_image/2025/28/MFhAz_1751964257_7595.jpg,2025-07-08T08:48:00Z,"Kyodo'nun haberine göre, iba, tarife çalma kolu toplantsnda, ABD'nin tarifelerine ilikin deerlendirmelerde bulundu.
KL GÖRÜMELER SÜRECEK
iba, ABD'nin Japonya'ya yüzde 25 tarife uygulama kararnn ""ta… [+850 chars]"
"{'id': None, 'name': 'Libertaddigital.com'}",LD / Agencias,Más de 100 muertos y decenas de desaparecidos en las inundaciones de Texas,La llegada de una nueva tormenta podría complicar las labores de rescate en el estado americano de Texas.,https://www.libertaddigital.com/internacional/estados-unidos/2025-07-08/mas-de-100-muertos-y-decenas-de-desaparecidos-en-las-inundaciones-de-texas-7274125/,https://s.libertaddigital.com/2025/07/08/1200/627/ld/mas-de-100-muertos-y-decenas-de-desaparecidos-en-las-inundaciones-de-texas.jpg,2025-07-08T08:45:18Z,"Al menos 104 personas han muerto en seis condados estadounidenses tras las inundaciones en el estado de Texas, donde aún hay múltiples desaparecidos y prosiguen las operaciones de búsqueda ante nueva… [+2073 chars]"
"{'id': None, 'name': 'Ibtimes.com.au'}",Callum Paton with Danny Kemp in Washington,Israel-Hamas Ceasefire Negotiations Resume As Trump Pushes For Deal,"Indirect negotiations on a Gaza ceasefire between Israel and Hamas resumed in Qatar on Tuesday, as US President Donald Trump pressed Israeli Prime Minister Benjamin Netanyahu for a deal to end the war.",https://www.ibtimes.com.au/israel-hamas-ceasefire-negotiations-resume-trump-pushes-deal-1859584,https://d.ibtimes.com.au/en/full/1884679/palestinian-man-mourns-his-6-month-old-son-killed-reported-israeli-strike-gaza-city.jpg,2025-07-08T08:45:15Z,"Indirect negotiations on a Gaza ceasefire between Israel and Hamas resumed in Qatar on Tuesday, as US President Donald Trump pressed Israeli Prime Minister Benjamin Netanyahu for a deal to end the wa… [+4238 chars]"
"{'id': None, 'name': 'International Business Times'}",Callum Paton with Danny Kemp in Washington,Israel-Hamas Ceasefire Negotiations Resume As Trump Pushes For Deal,"Indirect negotiations on a Gaza ceasefire between Israel and Hamas resumed in Qatar on Tuesday, as US President Donald Trump pressed Israeli Prime Minister Benjamin Netanyahu for a deal to end the war.",https://www.ibtimes.com/israel-hamas-ceasefire-negotiations-resume-trump-pushes-deal-3777869,https://d.ibtimes.com/en/full/4609535/palestinian-man-mourns-his-6-month-old-son-killed-reported-israeli-strike-gaza-city.jpg,2025-07-08T08:45:13Z,"Indirect negotiations on a Gaza ceasefire between Israel and Hamas resumed in Qatar on Tuesday, as US President Donald Trump pressed Israeli Prime Minister Benjamin Netanyahu for a deal to end the wa… [+4238 chars]"
"{'id': 'bild', 'name': 'Bild'}",,Historischer Moment im Weißen Haus - Trump für Friedensnobelpreis nominiert,Während eines Dinners im Weißen Haus überreicht Israels Ministerpräsident Benjamin Netanjahu US-Präsident Donald Trump eine Nominierung für den Friedensn...,https://www.bild.de/news/ausland/historischer-moment-im-weissen-haus-donald-trump-fuer-friedensnobelpreis-nominiert-686cb86f403211327fd18e29,"https://images.bild.de/686cb86f403211327fd18e29/3b573e29b962bbfc6e597dbc73c5d55a,9e9b2161?w=1280",2025-07-08T08:43:48Z,"Regierung bestellt China-Botschafter ein: Laser-Einsatz gegen deutsches Flugzeug
Regierung bestellt China-Botschafter ein: Laser-Einsatz gegen deutsches Flugzeug
Regierung bestellt China-Botschafte… [+618 chars]"
"{'id': None, 'name': 'Sg.hu'}",SG.hu,Nagyon nehéz a TikTok uniós szintű betiltása,"Az EU már régóta küzd azzal az aggodalommal, hogy a TikTok biztonsági kockázatot jelent a polgárok számára.",https://sg.hu/cikkek/it-tech/162149/nagyon-nehez-a-tiktok-unios-szintu-betiltasa,https://sg.hu/https://media.sg.hu/kep/2025_01/0119byte1.jpg,2025-07-08T08:43:12Z,"Az EU már régóta küzd azzal az aggodalommal, hogy a TikTok biztonsági kockázatot jelent a polgárok számára - beleértve a saját alkalmazottai számára is -, de a szervezet digitális szabályozásának ért… [+4412 chars]"
"{'id': 'el-mundo', 'name': 'El Mundo'}",Monica Ricci Sargentini (Corriere della Sera / EL MUNDO),"Scott Ruskan, el héroe de 26 años que salvó a 165 niñas en Texas: ""Estaban en pijama, con frío, totalmente empapadas""","Más de 100 personas han perdido la vida, entre ellas al menos 28 niñas. El mayor número de víctimas se produjo en Camp Mystic, el centro cristiano de verano donde el río Guadalupe llegó con tal fuerza que arrasó con todo Leer",https://www.elmundo.es/internacional/2025/07/08/686cd879e4d4d8165f8b45a5.html,https://phantom-elmundo.uecdn.es/a291fe86b6133a5ee607bd5f356a5c4b/crop/0x12/572x393/f/webp/assets/multimedia/imagenes/2025/07/08/17519638885873.jpg,2025-07-08T08:42:02Z,"""El dios del amor vino a mí y quiero transmitirlo a los demás"", cantan las niñas que sobrevivieron a las terribles inundaciones que devastaron el condado de Kerr, Texas, el 4 de julio. El autobús que… [+4764 chars]"
"{'id': None, 'name': 'Lastampa.it'}",,Fbi smentisce le teorie del complotto su Epstein: “Non fu assassinato”,"WASHINGTON. Il Dipartimento di Giustizia americano e l’Fbi mettono fine alle teorie del complotto su Jeffrey Epstein. Secondo un recente promemoria interno, non ci sono prove che il finanziere, condan ... [Continua a leggere sul sito.]",https://www.lastampa.it/esteri/2025/07/08/news/epstein_fbi_no_assassinio_no_ricatto-15223296/,https://www.gedistatic.it/content/gnn/img/lastampa/2025/02/28/071948187-188609ec-916a-41f7-8887-54f706290ca8.jpg,2025-07-08T08:39:33Z,"WASHINGTON. Il Dipartimento di Giustizia americano e lFbimettono fine alle teorie del complotto su Jeffrey Epstein. Secondo un recente promemoria interno, non ci sono prove che il finanziere, condann… [+1724 chars]"
"{'id': None, 'name': 'DIE WELT'}",WELT,Arzt will Aussage über Bidens Gesundheitszustand verschieben,"War Joe Biden während seiner Amtszeit bei klarem Verstand? Auch wenn der ehemalige US-Präsident nicht mehr im Amt ist, geht die Debatte um seine geistige Gesundheit weiter. Ein Arzt, der sich vor einem Ausschuss des Repräsentantenhauses dazu äußern soll, bitt…",https://www.welt.de/politik/ausland/article256362968/Arzt-will-Aussage-ueber-Joe-Bidens-Gesundheitszustand-verschieben.html,https://images.welt.de/686ccb7c22966104c8e3a4b4/19a28e3c8f685b05b65e865acbfb4980-master/ci16x9-w1200/files-us-president-joe-biden-deli,2025-07-08T08:39:20Z,"War Joe Biden während seiner Amtszeit bei klarem Verstand? Auch wenn der ehemalige US-Präsident nicht mehr im Amt ist, geht die Debatte um seine geistige Gesundheit weiter. Ein Arzt, der sich vor ein… [+2760 chars]"
"{'id': None, 'name': 'YLE News'}",,Aasian pörssit reagoivat myönteisesti Trumpin tullikirjeisiin,Uutiset nopeasti ja luotettavasti.,https://yle.fi/a/74-20171605,"https://images.cdn.yle.fi/image/upload/w_1200,ar_1.91,c_fill,g_faces/q_auto:eco,f_auto,fl_lossy/39-12692236617e49e05397",2025-07-08T08:38:47Z,"Aasian pörssit reagoivat tiistaina myönteisesti Yhdysvaltain presidentin Donald Trumpin monille Aasian maille lähettämiin tullikirjeisiin.
Osakemarkkinoita ilahdutti tullikirjeissä myönnetty kolmen … [+399 chars]"
"{'id': None, 'name': 'Biztoc.com'}",abcnews.go.com,"Trump sets 25% tariffs on Japan and South Korea, and new import taxes on 12 other nations","President Donald Trump on Monday set a 25% tax on goods imported from Japan and South Korea, as well as new tariff rates on a dozen other countries",https://biztoc.com/x/65eb1d3ec8164203,https://biztoc.com/cdn/65eb1d3ec8164203_s.webp,2025-07-08T08:38:46Z,"President Donald Trump on Monday set a 25% tax on goods imported from Japan and South Korea, as well as new tariff rates on a dozen other countries
This story appeared on abcnews.go.com, 2025-07-08 … [+8 chars]"
"{'id': None, 'name': 'Biztoc.com'}",breakingthenews.net,US futures up as Trump approves new tariff delay,Stock futures in the United States traded with gains on Tuesday after US President Donald Trump officially extended the delay of his global tariff regime until August 1. He also announced new duties o...,https://biztoc.com/x/fa478b6b70d9ddcd,https://biztoc.com/cdn/fa478b6b70d9ddcd_s.webp,2025-07-08T08:38:36Z,Stock futures in the United States traded with gains on Tuesday after US President Donald Trump officially extended the delay of his global tariff regime until August 1. He also announced new duties … [+69 chars]
"{'id': 'the-times-of-india', 'name': 'The Times of India'}",Reuters,"New trade war deadline prolongs instability, UN trade agency says","The UN trade agency criticizes the Trump administration's tariff deadline extension, stating it prolongs uncertainty and hinders investment. Executive Director Pamela Coke-Hamilton highlights the negative impact on long-term business planning, citing Lesotho'…",https://economictimes.indiatimes.com/news/international/world-news/new-trade-war-deadline-prolongs-instability-un-trade-agency-says/articleshow/122316302.cms,"https://img.etimg.com/thumb/msid-122316391,width-1200,height-630,imgsize-70244,overlay-economictimes/articleshow.jpg",2025-07-08T08:38:29Z,"The Trump administration's decision to extend a negotiating deadline for tariff rates is prolonging uncertainty and instability for countries, the executive director of the United Nations trade agenc… [+1218 chars]"
"{'id': None, 'name': 'Aftonbladet.se'}",,Två personer hittade döda i bostad – misstänkt mord,Igår hittades två personer döda i en bostad i Gällivare. Polisen utreder misstänkt mord.,https://www.aftonbladet.se/nyheter/a/Rr77qd/aftonbladet-direkt?pinnedEntry=1388651,https://images.aftonbladet-cdn.se/v2/images/156fc268-adec-4fec-ac17-baa7f1dbdb35?fit=crop&format=auto&h=675&q=50&w=1200&s=7076b53826b77139557aa7b78a798b03f7bc7a83,2025-07-08T08:38:29Z,"Tre nyheter du inte får missa:
<ul><li>Två personer hittade döda i bostad misstänkt mord
Två personer hittade döda i bostad misstänkt mord
Igår hittades två personer döda i en bostad i Gällivare. … [+11568 chars]"
"{'id': None, 'name': 'Expressen.se'}",,Två döda hittade i bostad,Polisen utreder mord i Gällivare,https://www.expressen.se/nyheter/expressen-direkt/?post=be36221a-1086-4f64-ad35-932d959724cf,https://static.bonniernews.se/images/60/f9/60f9718a9e2947c6a21855b91be6842c/16x9/original.png,2025-07-08T08:38:28Z,"Utreder åldersgräns för sociala medier
Regeringen kommer till hösten att tillsätta en utredning om åldersgräns för sociala medier, rapporterar Sveriges Radio.
– Vi ser att vi behöver skydda barn bä… [+1922 chars]"
"{'id': None, 'name': 'Yahoo Entertainment'}",Reuters,"New trade war deadline prolongs instability, UN trade agency says",GENEVA (Reuters) -The Trump administration's decision to extend a negotiating deadline for tariff rates is prolonging uncertainty and instability for...,https://finance.yahoo.com/news/trade-war-deadline-prolongs-instability-083825319.html,https://media.zenfs.com/en/reuters-finance.com/1b16826afb05826b308a4ea1ce252118,2025-07-08T08:38:25Z,"GENEVA (Reuters) -The Trump administration's decision to extend a negotiating deadline for tariff rates is prolonging uncertainty and instability for countries, the executive director of the United N… [+1244 chars]"
"{'id': 'ansa', 'name': 'ANSA.it'}",,"Cina, 'nuovi dazi di Trump? Non ci sarà alcun vincitore'","La Cina esprime un giudizio negativo sulla nuova tornata di dazi alle importazioni tra il 25% e il 40% annunciata dal presidente americano Donald Trump contro un primo gruppo di 14 partner commerciali degli Stati Uniti, la cui efficacia è stata però postic...…",https://www.ansa.it/sito/notizie/topnews/2025/07/08/cina-nuovi-dazi-di-trump-non-ci-sara-alcun-vincitore_b87b3a42-0606-450a-8a48-d3ae136d1668.html,https://www.ansa.it/webimages/img_1129x635/2024/12/23/e478e4dd858d97282318c820ee9a8805.jpg,2025-07-08T08:37:56Z,"Se hai scelto di non accettare i cookie di profilazione e tracciamento, puoi aderire all’abbonamento ""Consentless"" a un costo molto accessibile, oppure scegliere un altro abbonamento per accedere ad … [+320 chars]"
"{'id': 'info-money', 'name': 'InfoMoney'}",Felipe Moreira,Dow Jones Futuro cai após Trump anunciar tarifas mais altas sobre alguns países,"Trump também postergou a entrada em vigor das tarifas até pelo menos 1º de agosto
The post Dow Jones Futuro cai após Trump anunciar tarifas mais altas sobre alguns países appeared first on InfoMoney.",https://www.infomoney.com.br/mercados/dow-jones-futuro-cai-apos-trump-anunciar-tarifas-mais-altas-sobre-alguns-paises/,https://www.infomoney.com.br/wp-content/uploads/2024/04/2024-04-12T144116Z_1_LYNXNPEK3B0M4_RTROPTP_4_USA-STOCKS.jpg?quality=70,2025-07-08T08:36:47Z,"Os índices futuros de Nova York operam mistos nesta terça-feira (8), à medida que o temor inicial com as novas tarifas anunciadas por Donald Trump dá lugar à expectativa de um acordo.
Investidores a… [+3475 chars]"
"{'id': 'le-monde', 'name': 'Le Monde'}",Gilles Paris,Guerre en Ukraine : nouvelle volte-face de Washington sur les livraisons d’armes à Kiev,"Une semaine après avoir annoncé une pause dans les livraisons d’armement à Kiev, le président américain a assuré, lundi, que les Ukrainiens « doivent être en mesure de se défendre » et indiqué que les Etats-Unis allaient bien envoyer « quelques armes suppléme…",https://www.lemonde.fr/international/article/2025/07/08/guerre-en-ukraine-nouvelle-volte-face-de-washington-sur-les-livraisons-d-armes-a-kiev_6619889_3210.html,https://img.lemde.fr/2025/07/08/0/0/5088/3392/1440/960/60/0/bc9531b_ftp-import-images-1-0jy9maf03jta-2025-07-08t001612z-1402129793-rc2zhfaf09ic-rtrmadp-3-usa-israel.JPG,2025-07-08T08:36:15Z,"Donald Trump et le secrétaire à la défense, Pete Hegseth, à la Maison Blanche, à Washington, le 7 juillet 2025. KEVIN LAMARQUE/REUTERS
Une semaine seulement après la révélation dune pause dans les l… [+1416 chars]"
"{'id': None, 'name': 'Portfolio.hu'}",Portfolio.hu,Trump csapásától szenvednek a németek,"A német export 1,4%-kal csökkent májusban az előző hónaphoz képest, az Egyesült Államok irányába tartó áruk értéke pedig több, mint 3 éves mélypontra esett. Az adatok mögött Donald Trump amerikai elnök vámháborújának hatását fedezhetjük fel. A számok azt is m…",https://www.portfolio.hu/gazdasag/20250708/trump-csapasatol-szenvednek-a-nemetek-773103,https://pcdn.hu/articles/images-md/m/a/g/magyarorszag-nemetorszag-vam-letartoztatas-afa-bunozes-rendorseg-atveres-bunugy-euro-746919.jpg,2025-07-08T08:35:00Z,"A visszaesés rosszabb, mint a -0,5%, amire elzetesen számítottak a Bloomberg által megkérdezett elemzk. A csökkenés az áprilisi 1,6%-os mínuszt követi. Ezzel egyidejleg az import is visszaesett 3,8%-… [+1991 chars]"
"{'id': None, 'name': 'Slashdot.org'}",feedfeeder,Planned Parenthood Wins a Temporary Injunction Over Medicaid Funding - The New York Times,"Planned Parenthood Wins a Temporary Injunction Over Medicaid FundingThe New York Times Judge temporarily blocks Trump administration from enforcing funding ban against Planned ParenthoodCNN Donald Trump's 'Big, Beautiful Bill' Suffers Legal BlowNewsweek Plann…",https://slashdot.org/firehose.pl?op=view&amp;id=178309008,,2025-07-08T08:34:27Z,"How many hardware guys does it take to change a light bulb?
""Well the diagnostics say it's fine buddy, so it's a software problem."""
"{'id': None, 'name': 'Le HuffPost'}",Valentin Etancelin,"Matthew McConaughey sidéré après les inondations au Texas : « Le choc, la douleur et le chaos »","Comme l’acteur texan de « True Detective », plusieurs autres célébrités, dont Lana Del Rey, Shakira et Khloé Kardashian, ont fait part de leur stupéfaction face à la situation.",https://www.huffingtonpost.fr/culture/article/matthew-mcconaughey-sidere-apres-les-inondations-au-texas-le-choc-la-douleur-et-le-chaos_252353.html,https://focus.huffingtonpost.fr/2025/07/08/152/0/6000/3375/1820/1023/75/0/601dc11_upload-1-sxwlesnzsixz-063-2187631848.jpg,2025-07-08T08:33:47Z,"ÉTATS-UNIS - « La route va être longue, mais pour linstant, le choc, la douleur et le chaos ont besoin de la main ferme dun voisin. » Ces propos, ce sont ceux de lacteur Matthew McConaughey qui, sur … [+4600 chars]"
"{'id': None, 'name': 'Businessam.be'}",businessam.be,Trump wil invoertarieven voor Zuid-Korea en Japan opdrijven naar 25 procent,"Key takeaways President Donald Trump heeft aangekondigd dat hij vanaf 1 augustus invoertarieven van 25 procent zal heffen op producten uit Zuid-Korea en Japan. De aankondiging gebeurde via sociale media, waar Trump brieven deelde die hij naar eigen zeggen aan…",https://businessam.be/trump-augustus-invoertarieven-zuid-korea-japan/,https://media.businessam.be/Donald-Trump-juni-2025.jpg,2025-07-08T08:33:00Z,"Key takeaways
<ul><li>President Trump is van plan om vanaf 1 augustus, 25 procent tarieven toe te passen op de invoer uit Zuid-Korea en Japan.</li><li>De tarieven maken deel uit van een bredere “Bev… [+2668 chars]"
"{'id': None, 'name': 'Www.is.fi'}",STT–AFP,Aasian pörssit reagoivat myönteisesti Trumpin tullikirjeisiin,Osakemarkkinoita ilahdutti tullikirjeissä myönnetty kolmen viikon lisäaika tullisopimusten aikaansaamiseksi.,https://www.is.fi/taloussanomat/art-2000011352738.html,https://www.is.fi/taloussanomat-og-1920x1920.png,2025-07-08T08:32:00Z,Osakemarkkinoita ilahdutti tullikirjeissä myönnetty kolmen viikon lisäaika tullisopimusten aikaansaamiseksi.Aasian pörssit reagoivat tiistaina myönteisesti Yhdysvaltain presidentin Donald Trumpin mon… [+491 chars]
"{'id': None, 'name': 'DW (English)'}",Antonio Cascais,Warum Trump fünf afrikanische Präsidenten empfängt,"US-Präsident Trump hat die Staatschefs von Gabun, Guinea-Bissau, Liberia, Mauretanien und Senegal nach Washington eingeladen. Der Handel von Rohstoffen könnte dabei nur ein Randthema sein - doch worum geht es noch?",https://www.dw.com/de/warum-trump-f%C3%BCnf-afrikanische-pr%C3%A4sidenten-empf%C3%A4ngt/a-73190250,https://static.dw.com/image/72633325_6.jpg,2025-07-08T08:31:00Z,"Offenbar glaubt US-Präsident Trump, afrikanische Länder böten enorme wirtschaftliche Chancen - sowohl für die Menschen in den USA als auch in Afrika. Zumindest sagte dies ein Sprecher des Weißen Haus… [+6085 chars]"
"{'id': None, 'name': 'Aristeguinoticias.com'}",Redacción AN / MDS,Trump dice que enviará más armas a Ucrania y se dice ‘decepcionado’ con Putin,"La decisión se produce tras tensiones con el Pentágono y presiones de Kiev, que advirtió que frenar el apoyo militar solo beneficiaría a Rusia.",https://aristeguinoticias.com/080725/mundo/trump-dice-que-enviara-mas-armas-a-ucrania-y-se-dice-decepcionado-con-putin/,https://editorial.aristeguinoticias.com/wp-content/uploads/2025/07/donald-trump-vladimir-putin-zelenski-08072025.jpg,2025-07-08T08:30:56Z,"El presidente de Estados Unidos, Donald Trump, afirmó el lunes que enviará más armas a Ucrania y lamentó que su homólogo ruso, Vladimir Putin, con quien se mostró “decepcionado”, no cesó sus ataques … [+2277 chars]"
"{'id': None, 'name': 'Libertaddigital.com'}",LD / Agencias,Netanyahu propone a Trump para el Nobel de la Paz,El primer ministro israelí ha hecho esta propuesta en su visita a la capital norteamericana.,https://www.libertaddigital.com/internacional/estados-unidos/2025-07-08/netanyahu-propone-a-trump-para-el-nobel-de-la-paz-7274127/,https://s.libertaddigital.com/2025/07/08/1200/627/ld/netanyahu-propone-a-trump-para-el-nobel-de-la-paz.jpg,2025-07-08T08:30:39Z,"El primer ministro de Israel, Benjamin Netanyahu, ha propuesto al Comité Noruego del Nobel la candidatura del presidente de Estados Unidos, Donald Trump, para el Nobel de la Paz, un extremo que ha tr… [+82 chars]"
"{'id': None, 'name': 'Telepolis.de'}",Marcel Kunzmann,Kriegsherren unter sich: Trump von Netanjahu für Friedensnobelpreis nominiert,Bei Treffen im Weißen Haus umschmeichelt Israels Premier Trump und schlägt ihn gar für den Friedensnobelpreis vor. Die Chancen auf Auszeichnung sind eher gering.,https://www.telepolis.de/features/Kriegsherren-unter-sich-Trump-von-Netanjahu-fuer-Friedensnobelpreis-nominiert-10478262.html,https://heise.cloudimg.io/bound/1200x1200/q85.png-lossy-85.webp-lossy-85.foil1/_www-heise-de_/imgs/18/4/8/9/2/7/6/6/shutterstock_1816986683-927e9c8d7ab8e89e.jpeg,2025-07-08T08:30:00Z,"Donald Trump und Benjamin Netanjahu bei einem früheren Treffen in Washington
(Bild: Shutterstock.com)
Bei Treffen im Weißen Haus umschmeichelt Israels Premier Trump und schlägt ihn gar für den Frie… [+3760 chars]"
"{'id': None, 'name': 'Idnes.cz'}","ČTK, iDNES.cz","Můžeme jednat dál, vzkázal Trump. Na jeho cla reagovaly akcie poklesem","Americké akcie oslabily poté, co prezident Donald Trump začal postupně zveřejňovat navýšené celní sazby na dovoz z jednotlivých zemí platné od 1. srpna. Mimo jiné oznámil uvalení 25procentních cel na dovoz z Japonska a Jižní Koreje.",https://www.idnes.cz/ekonomika/zahranicni/cla-trump-srpen.A250708_095431_eko-zahranicni_ven,https://1gr.cz/tempimg/fb/2025/6/DTT5f5643b21b_26e84c5bb5ca439e8fbb8b2f.jpg,2025-07-08T08:29:00Z,"irí americký akciový index S&amp;P 500 a index technologického trhu Nasdaq Composite tak sestoupily z rekordních hodnot, na kterých uzavely obchodování minulý týden.
S&amp;P 500 klesl o 0,79 procent… [+2023 chars]"
"{'id': None, 'name': 'Observador.pt'}",Agência Lusa,Seul quer melhorar política tarifária após ameaça de Trump,"Coreia do Sul prometeu ""melhorar os regulamentos nacionais, área de particular interesse para os Estados Unidos, nos seus esforços para reduzir o défice comercial"", após ameaças norte-americanas.",https://observador.pt/2025/07/08/seul-promete-melhorar-politica-tarifaria-apos-ameaca-de-trump/,https://wm.observador.pt/wm/l/https%3A%2F%2Fbordalo.observador.pt%2Fv2%2Frs%3Afill%3A770%3A403%2Fc%3A2000%3A1127%3Anowe%3A0%3A329%2Fq%3A70%2Ff%3Awebp%2Fplain%2Fhttps%3A%2F%2Fs3.observador.pt%2Fwp-content%2Fuploads%2F2025%2F07%2F08034054%2F45280287.jpg?layer=obstop:T,2025-07-08T08:28:39Z,"O Governo sul-coreano prometeu esta terça-feira melhorar a política tarifária, depois de o Presidente dos Estados Unidos, Donald Trump, ter ameaçado na segunda-feira impor uma taxa de 25% sobre as im… [+3457 chars]"
"{'id': None, 'name': 'Bolsamania.com'}",redaccion@bolsamania.com (Bolsamanía),El bitcoin pierde los 109.000 ante la incertidumbre sobre la fecha límite para los aranceles,"La incertidumbre sobre la fecha límite para los aranceles impuestos por el presidente de Estados Unidos, Donald Trump, ha aumentado la cautela de los inversores. Entre el mercado de las criptomonedas destacan las caídas, con el bitcoin perdiendo el nivel de l…",https://www.bolsamania.com/noticias/criptodivisas/bitcoin-pierde-109000-incertidumbre-fecha-limite-aranceles--20231786.html,https://img2.s3wfg.com/web/img/images_uploaded/1/7/illustration-de-la-cryptomonnaie-bitcoin_20250522134506_rsz.jpg,2025-07-08T08:28:22Z,"La incertidumbre sobre la fecha límite para los aranceles impuestos por el presidente de Estados Unidos, Donald Trump, ha aumentado la cautela de los inversores. Entre el mercado de las criptomonedas… [+2380 chars]"
"{'id': 'nbc-news', 'name': 'NBC News'}",The Associated Press,Troops and federal agents briefly descend on LA's MacArthur Park in largely immigrant neighborhood,"Federal officers and National Guard troops fanned out around a mostly empty Los Angeles park in a largely immigrant neighborhood on foot, horseback and military vehicles on Monday for about an hour before abruptly leaving, an operation that local officials sa…",https://www.nbcnews.com/news/us-news/troops-federal-agents-briefly-descend-ls-macarthur-park-largely-immigr-rcna217405,"https://media-cldnry.s-nbcnews.com/image/upload/t_nbcnews-fp-1200-630,f_auto,q_auto:best/rockcms/2025-07/250708-MacArthur-Park-RS-151687.jpg",2025-07-08T08:27:43Z,"LOS ANGELES Federal officers and National Guard troops fanned out around a mostly empty Los Angeles park in a largely immigrant neighborhood on foot, horseback and military vehicles on Monday for abo… [+5470 chars]"
"{'id': None, 'name': 'Haber7.com'}",Dilan Dundar,Ticaret savaşları yeniden mi başlıyor? Trump’tan 10 ülkeye vergi mektubu,"Gedik Yatırım Yatırım Danışmanlığı Müdür Yardımcısı Eda Karadağ, Trump’ın yeniden gündeme getirdiği gümrük tarifelerinin piyasalarda sınırlı tedirginlik yarattığını, ancak müzakere ihtimalinin artmasının olumlu karşılandığını belirtti.",https://ekonomi.haber7.com/ekonomi/haber/3545260-ticaret-savaslari-yeniden-mi-basliyor-trumptan-10-ulkeye-vergi-mektubu,https://i12.haber7.net//haber/haber7/og_image/2025/28/ticaret_savaslari_yeniden_mi_basliyor_trumptan_10_ulkeye_vergi_mektubu_1751963136_629.jpg,2025-07-08T08:25:00Z,"Küresel piyasalar yeni haftaya ABD'den gelen tarife haberleriyle hareketli balad. Gedik Yatrm Yatrm Danmanl Müdür Yardmcs Eda Karada, ABD Bakan Donald Trumpn gümrük tarifelerini yeniden gündeme almas… [+1935 chars]"
"{'id': None, 'name': 'Internazionale.it'}",Internazionale,Trump incontra Netanyahu per parlare di Gaza,"Donald Trump, che si dichiara impegnato nel porre fine alla guerra a Gaza, ha incontrato il premier israeliano Benjamin Netanyahu a cena alla casa bianca il 7 luglio. Leggi",https://www.internazionale.it/ultime-notizie/2025/07/08/trump-incontra,https://media.internazionale.it/images/2025/07/07/296893-sd.jpeg,2025-07-08T08:24:53Z,"Donald Trump, che si dichiara impegnato nel porre fine alla guerra a Gaza, ha ospitato il premier israeliano Benjamin Netanyahu a cena alla Casa Bianca il 7 luglio. Netanyahu ha dichiarato di avere c… [+4325 chars]"
"{'id': 'rt', 'name': 'RT'}",RT,Stop using the US dollar – Bolivian President,"The US no longer dominates the world stage, Bolivian President Luis Arce told RT Read Full Article at RT.com",https://www.rt.com/news/621171-us-dollar-brics-bolivia/,https://mf.b37mrtl.ru/files/2025.07/article/686cc1fd2030276e8340df37.jpg,2025-07-08T08:24:40Z,"Countries around the globe should give up on the US dollar and rely on national currencies in trading with each other, Bolivian President Luis Arce told RT on the sidelines of the 17th BRICS summit i… [+2321 chars]"
"{'id': 'abc-news', 'name': 'ABC News'}",JOSH BOAK Associated Press,"Trump sets 25% tariffs on Japan and South Korea, and new import taxes on 12 other nations","President Donald Trump on Monday set a 25% tax on goods imported from Japan and South Korea, as well as new tariff rates on a dozen other countries",https://abcnews.go.com/Business/wireStory/trump-sets-25-tariffs-japan-south-korea-new-123542028,https://i.abcnewsfe.com/a/c10b73b7-6954-459d-8f0d-c963d7fb086a/wirestory_2c725e8f06367e20f9300c1081ea4ec0_16x9.jpg?w=1600,2025-07-08T08:22:19Z,"WASHINGTON -- President Donald Trump on Monday set a 25% tax on goods imported from Japan and South Korea, as well as new tariff rates on a dozen other nations that would go into effect on Aug. 1.
T… [+8776 chars]"
"{'id': None, 'name': 'Diepresse.com'}",Wolfgang Böhm,Das zweite Leben des Chlorhuhns [premium],Die USA starten einen neuen Angriff auf die wissenschaftlich nicht gänzlich belegten EU-Einfuhrbeschränkungen gegen Chlorhühner und Hormonrinder.,https://www.diepresse.com/19874532/das-zweite-leben-des-chlorhuhns,https://img.diepresse.com/public/incoming/dzom2p-imago308797964.jpg/alternates/DPR_SOCIAL_NACHRICHTEN/imago308797964.jpg,2025-07-08T08:22:14Z,"Die USA starten einen neuen Angriff auf die wissenschaftlich nicht gänzlich belegten EU-Einfuhrbeschränkungen gegen Chlorhühner und Hormonrinder. 
Am 1.August will US-Präsident Donald Trump Briefe m… [+684 chars]"
"{'id': None, 'name': 'Biztoc.com'}",businessinsider.com,A big change to student loans in Trump's spending bill could make it harder to become a doctor or lawyer,"President Donald Trump's spending bill places new caps on student loans for graduate students.
Samuel Corum/Getty Images
Trump signed his ""big beautiful"" tax and spending bill into law on July 4.
The bill eliminates the Grad PLUS student-loan program and caps…",https://biztoc.com/x/ca2523ac6b14e01e,https://biztoc.com/cdn/ca2523ac6b14e01e_s.webp,2025-07-08T08:16:22Z,"President Donald Trump's spending bill places new caps on student loans for graduate students.Samuel Corum/Getty ImagesTrump signed his ""big beautiful"" tax and spending bill into law on July 4.The bi… [+150 chars]"
"{'id': None, 'name': '20minutos.es'}",Carmen Muñoz,Las bolsas europeas se toman con calma el nuevo escenario de los aranceles,Los parqués del Viejo Continente cotizan en tono mixto en contraste con las subidas registradas en Asia tras el retraso al 1 de agosto de la entrada en vigor de las nuevas tasas.,https://www.20minutos.es/lainformacion/economia-y-finanzas/bolsas-europeas-nuevo-escenario-aranceles-5729337/,https://imagenes.20minutos.es/files/image_1920_1080/uploads/imagenes/2025/07/08/ibex-35.jpeg,2025-07-08T08:16:20Z,Las bolsas europeas registran un tibio comportamiento en la apertura. Los inversores optan por la cautela ante el nuevo escenario arancelario por el cual se retrasa al 1 de agosto la entrada en vigor… [+2903 chars]
"{'id': None, 'name': 'Anadolu Agency'}",,Netanyahu'nun Washington ziyareti ve Trump'ın ateşkes baskısı,Trump'ın baskılarıyla Gazze'de ateşkes sağlansa dahi İsrail'in nihai hedefleriyle çelişen bir içeriğin kalıcı ateşkes yolunu aralaması neredeyse imkansız. - Anadolu Ajansı,https://www.aa.com.tr/tr/analiz/netanyahunun-washington-ziyareti-ve-trumpin-ateskes-baskisi/3624750,https://cdnuploads.aa.com.tr/uploads/Contents/2025/07/08/thumbs_b_c_c48aa02d13ec802c1e0f4197a3a9952b.jpg?v=112304,2025-07-08T08:15:36Z,"Akademisyen Dr. Abdullah Erboa, Netanyahu'nun Washington ziyaretinin arka plann AA Analiz için kaleme ald.
***
 Artk haberler size gelsinAA'nn WhatsApp kanallarna katln, önemli gelimeler cebinize d… [+5995 chars]"
"{'id': None, 'name': 'Expressen.se'}",,Man hittad död i vattnet,Anmäld försvunnen i Finland – anträffades i Pajala,https://www.expressen.se/nyheter/expressen-direkt/?post=eac241ef-da51-4832-be88-4260c6f9b501,https://static.bonniernews.se/images/60/f9/60f9718a9e2947c6a21855b91be6842c/16x9/original.png,2025-07-08T08:15:12Z,"Utreder åldersgräns för sociala medier
Regeringen kommer till hösten att tillsätta en utredning om åldersgräns för sociala medier, rapporterar Sveriges Radio.
– Vi ser att vi behöver skydda barn bä… [+1922 chars]"
"{'id': 'the-irish-times', 'name': 'The Irish Times'}",Craig Trudell,Tesla shares slide amid concerns Musk’s new political party will worsen slump,‘America Party’ to focus on House and Senate for the next 12 months,https://www.irishtimes.com/business/2025/07/08/tesla-shares-slide-amid-concerns-musks-new-political-party-will-worsen-slump/,https://www.irishtimes.com/resizer/v2/OVHYYLKFJKGU3CSLGUYIJ22WMU.jpg?smart=true&auth=32e26c5496eaa2a215241da387332fc97181b0a39d32e7bf3a1736be96e0cef4&width=1200&height=630,2025-07-08T08:15:09Z,"Tesla shares fell after Elon Musk announced hes forming a new political party, digging deeper into a pursuit thats been a drag on his most valuable business.
The chief executive officer announced ov… [+3260 chars]"
"{'id': None, 'name': 'Index.hu'}",Péter Zsombor,Már 100 fölött a texasi villámárvíz halálos áldozatainak a száma,"Már 100 fölött a texasi villámárvíz halálos áldozatainak a száma, legkevesebb 28 gyermek meghalt - A Kansas City Chiefs tulajdonosának családja is érintett a tragédiában.",https://index.hu/kulfold/2025/07/08/texas-egyesult-allamok-arviz-aldozat-eltunes/,https://kep.cdn.index.hu/1/0/6313/63135/631354/63135447_4668791_19dc6fe60a293e643c9cdd19204e295a_wm.jpg,2025-07-08T08:15:00Z,"100 fölé ntt a texasi villámárvíz halálos áldozatainak száma. Kerr megyét sújtotta a legsúlyosabban a katasztrófa, legalább 84 halálos áldozattal, köztük 28 gyermekkel  írja az abcnews.
A Szövetségi… [+1646 chars]"
"{'id': None, 'name': 'Aftonbladet.se'}",,Död person hittad i vatten,"En person har anträffats död i vattnet i Pajala, uppger polisen. Dennes anhöriga är underrättade.",https://www.aftonbladet.se/nyheter/a/Rr77qd/aftonbladet-direkt?pinnedEntry=1388650,https://images.aftonbladet-cdn.se/v2/images/156fc268-adec-4fec-ac17-baa7f1dbdb35?fit=crop&format=auto&h=675&q=50&w=1200&s=7076b53826b77139557aa7b78a798b03f7bc7a83,2025-07-08T08:13:40Z,"Tre nyheter du inte får missa:
<ul><li>Död person hittad i vatten
Död person hittad i vatten
En person har anträffats död i vattnet i Pajala, uppger polisen.
Dennes anhöriga är underrättade. 
</… [+11601 chars]"
"{'id': None, 'name': 'Tistory.com'}",T.B,트럼프 관세 불확실성에 미국 경제 계속해서 부담,"Rock Creek Group CEO Afsaneh Beschloss reacts to President Donald Trump announcing he’ll impose tariffs of 25% on goods from Japan and South Korea beginning Aug. 1 https://t.co/kr9tqrIYDt pic.twitter.com/OyBL0wptxL— Bloomberg TV (@BloombergTV) July 7, 2025 '트…",https://ryueyes11.tistory.com/511717,https://img1.daumcdn.net/thumb/R800x0/?scode=mtistory2&fname=https%3A%2F%2Fblog.kakaocdn.net%2Fdna%2FAJh3Q%2FbtsO9X7u4sC%2FAAAAAAAAAAAAAAAAAAAAAGA7324w3SU9aLfFticy0m8RyeNqcyvqsWY79lYEwDlN%2Fimg.jpg%3Fcredential%3DyqXZFxpELC7KVnFOS48ylbz2pIh7yKj8%26expires%3D1753973999%26allow_ip%3D%26allow_referer%3D%26signature%3D4%252FEYOgZdT%252BP9eAQCijB49m2%252B8yI%253D,2025-07-08T08:11:53Z,Rock Creek Group CEO Afsaneh Beschloss reacts to President Donald Trump announcing he’ll impose tariffs of 25% on goods from Japan and South Korea beginning Aug. 1 https://t.co/kr9tqrIYDtpic.twitter.… [+745 chars]
"{'id': None, 'name': 'Anadolu Agency'}",,"Tüm ülkelerden teklif aldığını söyleyen ABD, yalnızca 3 ülkeyle ticaret anlaşmasına vardı","ABD Başkanı Donald Trump'ın birçok defa her ülkenin kendileriyle anlaşma yapmak istediğini vurgulamasına karşın, ABD şu ana kadar sadece 3 ülkeyle ticaret anlaşması yaptı.

 - Anadolu Ajansı",https://www.aa.com.tr/tr/ekonomi/tum-ulkelerden-teklif-aldigini-soyleyen-abd-yalnizca-3-ulkeyle-ticaret-anlasmasina-vardi/3624741,https://cdnuploads.aa.com.tr/uploads/Contents/2025/07/08/thumbs_b_c_5af0c59a787cc6ea87170874e558df7e.jpg,2025-07-08T08:10:23Z,"AA muhabirinin derledii bilgiye göre, Bakan Trump, ""kurtulu günü"" olarak adlandrd 2 Nisan'da, önemli miktarda ticaret aç verilenler bata olmak üzere ülkeleri hedef ald.
 Artk haberler size gelsinAA'… [+6600 chars]"
"{'id': None, 'name': 'Ilpost.it'}",,Chi vuole lusingare Trump lo propone per il Nobel per la Pace,"È così efficace che lo ha appena fatto anche Benjamin Netanyahu, e non è il primo",https://www.ilpost.it/2025/07/08/trump-nobel-pace-netanyahu/,https://static-prod.cdnilpost.com/wp-content/uploads/2025/07/08/1751960293-bibi-trump-nobel.jpg,2025-07-08T08:10:14Z,"Durante la sua visita di stato a Washington, la terza questanno, il primo ministro israeliano Benjamin Netanyahu ha candidato il presidente statunitense Donald Trump al premio Nobel per la Pace. È su… [+5340 chars]"
"{'id': None, 'name': 'Expressen.se'}",joel.snobohm@expressen.se (Joel Snöbohm),Akropolis stänger för besökarnas säkerhet,Alltid senaste nytt i korthet!,https://www.expressen.se/nyheter/expressen-direkt/?post=d139e02a-ea3e-4147-a877-9a1c3838cc31,https://static.bonniernews.se/images/60/f9/60f9718a9e2947c6a21855b91be6842c/16x9/original.png,2025-07-08T08:09:35Z,"Utreder åldersgräns för sociala medier
Regeringen kommer till hösten att tillsätta en utredning om åldersgräns för sociala medier, rapporterar Sveriges Radio.
– Vi ser att vi behöver skydda barn bä… [+1922 chars]"
"{'id': 'der-tagesspiegel', 'name': 'Der Tagesspiegel'}",Christian Böhme,Donald Trumps Ambitionen in Nahost: Für den Friedensnobelpreis reicht es bei Weitem nicht,Israels Premier Benjamin Netanjahu hat den US-Präsidenten für die Auszeichnung vorgeschlagen. Doch Trumps größter Traum dürfte kaum in Erfüllung gehen.,https://www.tagesspiegel.de/internationales/donald-trumps-ambitionen-in-nahost-fur-den-friedensnobelpreis-reicht-es-bei-weitem-nicht-13987130.html,https://www.tagesspiegel.de/images/13987178/alternates/BASE_16_9_W1400/1751962120000/president-trump-during-a-dinner-with-pm-netanyahu-dc.jpeg,2025-07-08T08:08:38Z,"Es sind schmeichelnde, fast schon anbiedernde Worte. Sie schaffen Frieden in einem Land nach dem anderen. Sie sollten ihn bekommen, sagt Benjamin Netanjahu. Mit Sie meint der israelische Premier sein… [+3525 chars]"
"{'id': None, 'name': 'Bankier.pl'}",Michał Kubicki,Euro tanieje do złotego. Dolar zakończył korekcyjne umocnienie?,"Wygląda na to, że w obliczu przedłużania przez USA terminu negocjacyjnego w sprawie ceł wzajemnych dolar zakończył korekcyjne odbicie i zaczął słabnąć. Skorzystał na tym złoty, który nieco umocnił się do euro i do dolara.",https://www.bankier.pl/wiadomosc/Euro-tanieje-do-zlotego-Dolar-zakonczyl-korekcyjne-umocnienie-8975641.html,https://galeria.bankier.pl/p/6/0/eeb76e6b577356-948-568-210-230-3790-2273.jpg,2025-07-08T08:07:40Z,"Wyglda na to, e w obliczu przeduania przez USA terminu negocjacyjnego
w sprawie ce wzajemnych dolar zakoczy korekcyjne odbicie i zacz sabn. Skorzysta
na tym zoty, który nieco umocni si do euro i do… [+2399 chars]"
"{'id': 'newsweek', 'name': 'Newsweek'}",Amira El-Fekki‎,Iran's Army Gives Missile Update: Thousands Ready to Launch,"Iran has threatened a ""crushing"" responses to any new Israeli attack after the strikes on military and nuclear sites",https://www.newsweek.com/iran-army-israel-us-nuclear-trump-missiles-2095833,https://d.newsweek.com/en/full/2678623/iran-army.jpg,2025-07-08T08:07:25Z,"Iran has stocks of thousands of missiles and drones secured and ready to use despite Israeli airstrikes and it is prepared to use them against any new attacks, the army said.
Newsweek has reached ou… [+2625 chars]"
"{'id': None, 'name': 'BBC News'}",,Trump says Ukraine will receive more weapons after US pause on shipments,"The US president says he is ""not happy"" with Russia's Vladimir Putin and that Ukraine is ""getting hit very hard"".",https://www.bbc.com/news/articles/c8d6yrd798no,https://ichef.bbci.co.uk/news/1024/branded_news/ea26/live/1a99acb0-5b9c-11f0-b5c5-012c5796682d.jpg,2025-07-08T08:07:06Z,"Donald Trump has said the US will send more weapons to Ukraine after an announcement last week that Washington would halt some shipments of critical arms to Kyiv.
During a meeting with Israeli Prime… [+2642 chars]"
"{'id': None, 'name': 'Hotnews.ro'}",Cristina Stoian,"Moment suprinzător la moțiunea contra Ursulei von der Leyen: AUR, ironizat în Parlamentul European de vicepreședintele Giorgiei Meloni. „Din păcate, unora le place să piardă, atât acasă, cât şi aici” / A fost anchetat pentru construcții ilegale pe plajă și apoi absolvit","Când s-a dezbătut moțiunea de cenzură de luni, eurodeputatul italian Nicola Procaccini nu s-a limitat la a spune că nu e de acord cu acțiunea lansată de Gheorghe Piperea, eurodeputat AUR, dar i-a ironizat pe…",http://hotnews.ro/moment-suprinzator-la-motiunea-contra-ursulei-von-der-leyen-aur-ironizat-in-parlamentul-european-de-vicepresedintele-giorgiei-meloni-din-pacate-unora-le-place-sa-piarda-atat-acasa-cat-s-2019331,https://hotnews.ro/wp-content/uploads/2025/07/procaccini-piperea-meloni-simion.jpg,2025-07-08T08:06:39Z,"Când s-a dezbtut moiunea de cenzur de luni, eurodeputatul italian Nicola Procaccini nu s-a limitat la a spune c nu e de acord cu aciunea lansat de Gheorghe Piperea, eurodeputat AUR, dar i-a ironizat … [+6417 chars]"
"{'id': 'ansa', 'name': 'ANSA.it'}",,Cina: 'Nuovi dazi di Trump? Non ci sarà alcun vincitore',"Weber: sui dazi limitare i danni, la reciprocità sia sul tavolo, Dombrovskis: Negoziamo per un accordo sui dazi prima possibile (ANSA)",https://www.ansa.it/sito/notizie/mondo/2025/07/08/cina-nuovi-dazi-di-trump-non-ci-sara-alcun-vincitore-_5a155de0-1999-4f28-84f2-5464e7321a55.html,https://www.ansa.it/webimages/img_1129x635/2025/5/8/9d6b0e589b5ac7e330099e2f13b4192b.jpg,2025-07-08T08:05:27Z,La Cina esprime un giudizio negativo sulla nuova tornata di dazi alle importazioni tra il 25% e il 40% annunciata dal presidente americano Donald Trump contro un primo gruppo di 14 partner commercial… [+1245 chars]
"{'id': None, 'name': 'Biztoc.com'}",benzinga.com,"Beijing Rejects Elon Musk As A 'Geopolitical Asset': Lukewarm Response To Chinese Diplomatic Overreach, Trump Feud Reportedly Diminishes Musk's Value","Chinese officials have reportedly cooled on Elon Musk, the CEO of Tesla Inc. (NASDAQ:TSLA), as a potential geopolitical asset due to his public fallout with President Donald Trump.
What Happened: In January, Chinese Vice President Han Zheng met with Musk in W…",https://biztoc.com/x/c5e83dac7af548f2,https://biztoc.com/cdn/c5e83dac7af548f2_s.webp,2025-07-08T08:05:24Z,"Chinese officials have reportedly cooled on Elon Musk, the CEO of Tesla Inc. (NASDAQ:TSLA), as a potential geopolitical asset due to his public fallout with President Donald Trump.What Happened: In J… [+138 chars]"
"{'id': None, 'name': 'CNA'}",,Japan's service sector mood perks up as summer heat offsets US tariff gloom,"TOKYO :Sentiment in Japan's service sector improved slightly in June, a government survey showed on Tuesday, as solid demand for summer clothing and leisure offset the gloom from U.S. tariffs.But corporate bankruptcy cases in the first half of this year rose …",https://www.channelnewsasia.com/business/japans-service-sector-mood-perks-up-summer-heat-offsets-us-tariff-gloom-5226441,"https://dam.mediacorp.sg/image/upload/s--0vqOybOt--/fl_relative,g_south_east,l_mediacorp:cna:watermark:2024-04:reuters_1,w_0.1/f_auto,q_auto/c_fill,g_auto,h_676,w_1200/v1/one-cms/core/2025-07-08t080412z_1_lynxmpel6707w_rtroptp_3_japan-economy-gdp.jpg?itok=zptf8cmb",2025-07-08T08:04:12Z,"TOKYO :Sentiment in Japan's service sector improved slightly in June, a government survey showed on Tuesday, as solid demand for summer clothing and leisure offset the gloom from U.S. tariffs.
But c… [+1807 chars]"
"{'id': 'business-insider', 'name': 'Business Insider'}",Ayelet Sheffey,A big change to student loans in Trump's spending bill could make it harder to become a doctor or lawyer,"Trump's ""big beautiful bill"" that he just signed into law places new caps on student loans for medical and law school.",https://www.businessinsider.com/trump-spending-bill-student-loans-cap-graduate-school-doctor-lawyer-2025-7,https://i.insider.com/686be3d0f748d8c055f50f8d?width=1200&format=jpeg,2025-07-08T08:04:01Z,"President Donald Trump's spending bill places new caps on student loans for graduate students.Samuel Corum/Getty Images
<ul><li>Trump signed his ""big beautiful"" tax and spending bill into law on Jul… [+4563 chars]"
"{'id': None, 'name': 'DW (English)'}",Serdar Vardar,Deep-sea mining: The rush to mine the unknown,"With the backing of the US government, a Canadian company is poised to sidestep UN laws and start vacuuming what it deems battery-grade metals from international waters.",https://www.dw.com/en/the-fight-over-underwater-deposits-for-ev-batteries-seabed-polymetallic-nodules-rare-earth-ecosystem/a-73156987,https://static.dw.com/image/73188912_6.jpg,2025-07-08T08:04:00Z,"As official talks kick off in Jamaica on the need for rules to protect the ocean floor for generations to come, the world's first commercial deep-sea mining operation in international waters may be a… [+7335 chars]"
"{'id': None, 'name': 'Iltalehti.fi'}",,Trumpille ehdotetaan taas Nobelia,"Uusin ehdotus ei ehdi tämän vuoden palkinnonjakoon. Yhdysvaltain presidenttiä Donald Trumpia on jälleen esitetty Nobelin rauhanpalkinnon saajaksi, kertoo muun muassa The Guardian. Tällä kertaa ehdotuksen on tehnyt Israelin pääministeri Benjamin Netanjahu, jok…",https://www.iltalehti.fi/ulkomaat/a/98f09ec0-1e4b-4ced-87bd-623c213c094c,"https://img.ilcdn.fi/cAKVYNob-i8EFsto2eE76gQNqfc=/1200x630/top/filters:watermark(assets.ilcdn.fi/ilsome_v2.jpg,25,0,0)/img-s3.ilcdn.fi/cc2a56474e0e9e16f7ae7b575fd6fd144739bfb8b22cfcefb795aacfa09e7038.jpg",2025-07-08T08:03:35Z,"Yhdysvaltain presidenttiä Donald Trumpia on jälleen esitetty Nobelin rauhanpalkinnon saajaksi, kertoo muun muassa The Guardian.
Tällä kertaa ehdotuksen on tehnyt Israelin pääministeri Benjamin Netan… [+2315 chars]"
"{'id': None, 'name': 'Anlatilaninotesi.com.tr'}",Sputnik Türkiye,Trump: İran ile görüşmeleri planladık ve onlar da görüşmek istiyor,"ABD Başkanı Donald Trump, İsrail Başbakanı Benyamin Netanyahu’yu Beyaz Saray’da ağırladı. Basına açıklamalar yapan Netanyahu Gazzelileri işaret ederek “Kalmak isterlerse kalabilirler ancak ayrılmak isterlerse ayrılabilmeliler” dedi. Trump ise İran'la görüşme …",https://anlatilaninotesi.com.tr/20250708/trump-iran-ile-gorusmeleri-planladik-ve-onlar-da-gorusmek-istiyor-1097689879.html,https://cdn.img.anlatilaninotesi.com.tr/images/sharing/article/tur/1097689879.jpg?10976894101751961846,2025-07-08T08:03:04Z,"Rusya, ABD, Avrupa ve Ortadou bata olmak üzere dünyann dört bir yanndan son dakika haberleri, analizler ve özel dosyalar.
https://anlatilaninotesi.com.tr/20250708/trump-iran-ile-gorusmeleri-planladi… [+5978 chars]"
"{'id': 'der-tagesspiegel', 'name': 'Der Tagesspiegel'}",Der Tagesspiegel,„Sicherer Hafen“ in der Krise: Deutsche Börse: Goldschatz für Anleger größer geworden,"In unsicheren Zeiten greifen Anleger verstärkt zu Edelmetall. In den Tresoren der Deutschen Börse lagern 7,3 Tonnen mehr Gold als zu Jahresbeginn. Vom Rekordhoch ist der Bestand aber weit entfernt.",https://www.tagesspiegel.de/wirtschaft/sicherer-hafen-in-der-krise-deutsche-borse-goldschatz-fur-anleger-grosser-geworden-13987595.html,https://www.tagesspiegel.de/images/13987592/alternates/BASE_16_9_W1400/1751961724000/gold.jpeg,2025-07-08T08:02:04Z,"Anleger haben im turbulenten ersten Börsenhalbjahr wieder verstärkt in Gold investiert. 173,8 Tonnen des Edelmetalls verwahrte die Deutsche Börse zum 30. Juni in ihren Tresoren in Frankfurt. Damit er… [+2204 chars]"
"{'id': None, 'name': 'Le HuffPost'}",Alexandre Boudet,Guerre en Ukraine : Donald Trump fait finalement volte-face sur la livraison d’armes à Kiev,"Alors que l’Ukraine fait face à une offensive intense de la Russie, notamment dans le ciel, le président américain va envoyer de nouvelles armes.",https://www.huffingtonpost.fr/international/article/guerre-en-ukraine-donald-trump-fait-finalement-volte-face-sur-la-livraison-d-armes-a-kiev_252355.html,https://focus.huffingtonpost.fr/2025/03/19/0/0/4000/2250/1820/1023/75/0/0b5b9f8_sirius-fs-upload-1-6fyesf3fbe5r-1742415247207-000-372y3am.jpg,2025-07-08T08:01:49Z,UKRAINE - Est-ce lattitude de Vladimir Poutine qui la fait changer davis ? Toujours est-il que Donald Trump a finalement décidé de poursuivre la livraison darmes à lUkraine quelques jours à peine apr… [+1365 chars]
"{'id': 'globo', 'name': 'Globo'}",,"Com aversão a risco, Ibovespa espelha NY e perde os 140 mil pontos",Investidores reagiram ao envio de cartas por Donald Trump a parceiros comerciais para informar sobre mudanças nas tarifas,https://valor.globo.com/financas/noticia/2025/07/08/com-aversao-a-risco-ibovespa-espelha-ny-e-perde-os-140-mil-pontos.ghtml,https://s2-valor.glbimg.com/tzR2l7HfE4B019szbuebccQQEf0=/1200x/smart/filters:cover():strip_icc()/i.s3.glbimg.com/v1/AUTH_63b422c2caee4269b8b34177e8876b93/internal_photos/bs/2025/B/N/bgdiTyTIK7DGqe7kG5Qg/foto08fin-101-mercados-c1.jpg,2025-07-08T08:01:22Z,"Após o emblemático Dia da Libertação, no início de abril, o anúncio de novas mudanças na política tarifária dos Estados Unidos voltou a gerar incerteza e a embaralhar as precificações dos ativos onte… [+289 chars]"
"{'id': 'globo', 'name': 'Globo'}",,Risco fiscal no Japão pressiona iene e juros ultralongos,Movimentos no mercado de juros e de câmbio se intensificaram com tarifas comerciais anunciadas por Donald Trump,https://valor.globo.com/financas/noticia/2025/07/08/risco-fiscal-no-japao-pressiona-iene-e-juros-ultralongos.ghtml,https://s3.glbimg.com/v1/AUTH_63b422c2caee4269b8b34177e8876b93/public/fb_marca.png,2025-07-08T08:01:20Z,"Com os mercados globais ainda bastante sensíveis à condução da política fiscal e a uma sensação de deterioração da trajetória da dívida pública, até mesmo em países desenvolvidos, os ativos financeir… [+476 chars]"
"{'id': 'globo', 'name': 'Globo'}",,Amplas reformas de Trump são aposta de risco,"Poucos presidentes americanos fizeram tantas reformas, e tão transformadoras, em tão pouco tempo",https://valor.globo.com/opiniao/coluna/amplas-reformas-de-trump-sao-aposta-de-risco.ghtml,https://s2-valor.glbimg.com/jXNhpDDlQH_UdWRQ-CyRwehYPXg=/1200x/smart/filters:cover():strip_icc()/i.s3.glbimg.com/v1/AUTH_63b422c2caee4269b8b34177e8876b93/internal_photos/bs/2025/M/z/TWJTzrTUO2UEhpd3I9hQ/2025-07-04t220151z-2052005618-rc2yffammthz-rtrmadp-3-usa-trump.jpg,2025-07-08T08:01:13Z,"Se os primeiros seis meses de governo de Donald Trump nos EUA tivessem o título de um filme, o mais adequado seria Velozes e Furiosos. Poucos presidentes americanos fizeram tantas reformas, e tão tra… [+5641 chars]"
"{'id': 'globo', 'name': 'Globo'}",,Cartas de Leitores,"Interferência
Esse Donald Trump, que em suas corri...",https://valor.globo.com/opiniao/noticia/2025/07/08/fc7ab243-cartas-de-leitores.ghtml,https://s3.glbimg.com/v1/AUTH_63b422c2caee4269b8b34177e8876b93/public/fb_marca.png,2025-07-08T08:01:08Z,"InterferênciaEsse Donald Trump, que em suas corriqueiras extravagantes decisões torna-se prato cheio para mídia, ontem não foi diferente ao fazer defesa deste golpista Jair Bolsonaro, de que esse ex-… [+755 chars]"
"{'id': None, 'name': 'Nachdenkseiten.de'}",Redaktion,"„Während sie zum Krieg rüsten, müssen wir den Widerstand organisieren“","„Für die Unterdrückten dieser Welt geht es beim Völkermord in Gaza um ihre Existenz"", sagte die Palästinenserin Layla Hazaineh in ihrer Rede beim Internationalen Forum für Frieden in Brüssel. Sie ruft progressive Kräfte auf der ganzen Welt dazu auf, sich zu o…",https://www.nachdenkseiten.de/?p=135685,https://www.nachdenkseiten.de/wp-content/uploads/2025/07/Layla-Hazaineh.jpg,2025-07-08T08:00:42Z,"Für die Unterdrückten dieser Welt geht es beim Völkermord in Gaza um ihre Existenz”, sagte die Palästinenserin Layla Hazaineh in ihrer Rede beim Internationalen Forum für Frieden in Brüssel. Sie ruft… [+13377 chars]"
"{'id': 'globo', 'name': 'Globo'}",,Brasil e Índia fortalecem laços em meio a tensões tarifárias com EUA,"André Corrêa do Lago, presidente da COP30, afirma que Brasil e Índia têm desafios e vantagens distintas",https://valor.globo.com/brasil/noticia/2025/07/08/brasil-e-india-fortalecem-lacos-em-meio-a-tensoes-tarifarias-com-eua.ghtml,https://s2-valor.glbimg.com/wGfwHq2RBC0E6Ne6XnNOJKRKI-s=/1200x/smart/filters:cover():strip_icc()/i.s3.glbimg.com/v1/AUTH_63b422c2caee4269b8b34177e8876b93/internal_photos/bs/2025/b/7/oGPf0tSYuZQwRkqyuN5A/foto08bra-111-apex-a6.jpg,2025-07-08T08:00:41Z,"1 de 1
Jorge Viana: Um maior tensionamento no comércio é ruim para todo mundo Foto: Gabriel de Paiva/Agência O Globo 
Jorge Viana: Um maior tensionamento no comércio é ruim para todo mundo Foto: Ga… [+542 chars]"
"{'id': None, 'name': 'STERN.de'}",STERN.de,"""Sicherer Hafen"" in der Krise: Deutsche Börse: Goldschatz für Anleger größer geworden","In unsicheren Zeiten greifen Anleger verstärkt zu Edelmetall. In den Tresoren der Deutschen Börse lagern 7,3 Tonnen mehr Gold als zu Jahresbeginn. Vom Rekordhoch ist der Bestand aber weit entfernt.",https://www.stern.de/wirtschaft/news/-sicherer-hafen--in-der-krise--deutsche-boerse--goldschatz-fuer-anleger-groesser-geworden-35876008.html,https://image.stern.de/35876010/t/C8/v1/w1440/r1.7778/-/08--gu3g4hllfcv7axs2048jpeg---3a4189010233f2f4.jpg,2025-07-08T08:00:40Z,"Kopiere den aktuellen Link
Zur Merkliste hinzufügen
In unsicheren Zeiten greifen Anleger verstärkt zu Edelmetall. In den Tresoren der Deutschen Börse lagern 7,3 Tonnen mehr Gold als zu Jahresbeginn… [+2359 chars]"
"{'id': 'die-zeit', 'name': 'Die Zeit'}",DIE ZEIT: News -,"""Sicherer Hafen"" in der Krise: Deutsche Börse: Goldschatz für Anleger größer geworden","Hier finden Sie Informationen zu dem Thema „""Sicherer Hafen"" in der Krise“. Lesen Sie jetzt „Deutsche Börse: Goldschatz für Anleger größer geworden“.",https://www.zeit.de/news/2025-07/08/deutsche-boerse-goldschatz-fuer-anleger-groesser-geworden,https://img.zeit.de/news/2025-07/08/deutsche-boerse-goldschatz-fuer-anleger-groesser-geworden-image-group/wide__1300x731,2025-07-08T08:00:40Z,"Anleger haben im turbulenten ersten Börsenhalbjahr wieder verstärkt in Gold investiert. 173,8 Tonnen des Edelmetalls verwahrte die Deutsche Börse zum 30. Juni in ihren Tresoren in Frankfurt. Damit er… [+2146 chars]"
"{'id': None, 'name': 'Franceinfo.fr'}",,"REPORTAGE. ""Avec Trump en travers de la route, on ne sait pas bien ce qu'il peut arriver"" : la visite d'Emmanuel Macron à Londres très attendue par les Anglais","Après le Brexit et les relations bilatérales tendues avec certains gouvernements conservateurs, cette visite est le signe d'une ""reconvergence"" autour d""intérêts partagés"", selon l'Elysée.",https://www.franceinfo.fr/politique/emmanuel-macron/reportage-avec-trump-en-travers-de-la-route-on-ne-sait-pas-bien-ce-qu-il-peut-arriver-la-visite-d-emmanuel-macron-a-londres-tres-attendue-par-les-anglais_7364358.html,https://www.franceinfo.fr/pictures/TzxORFG3BnHjD8Vgj_XYVYRIBMk/0x53:1024x629/1500x843/2025/07/08/000-64x6246-686cc34c6c275966337117.jpg,2025-07-08T08:00:37Z,"Un séjour royal pour le président. Emmanuel Macron entame mardi 8 juillet une visite d'Etat de trois jours au Royaume-Uni, où il sera reçu par le roi Charles III au château de Windsor notamment, avan… [+2036 chars]"
"{'id': 'focus', 'name': 'Focus'}",Veronika Lehrl,Trumps neue Zoll-Drohung gegen die Brics-Staaten könnte nach hinten losgehen,"Trump droht der Brics-Allianz mit hohen Zöllen, um US-Interessen zu verteidigen. Das könnte sich gegen die USA selbst richten und stattdessen Russland stärken.",https://www.focus.de/politik/ausland/trumps-neue-zoll-drohung-gegen-die-brics-staaten-koennte-nach-hinten-losgehen_8b7c0fde-fb6a-49f0-a8b9-52d256037178.html,https://quadro.burda-forward.de/ctf/88522884-3a2d-4a1f-a335-00cb95cf61c7.cf2a7980-ec6d-4007-ac0b-78c80bb1965f.jpg?im=RegionOfInterestCrop%3D%281200%2C630%29%2CregionOfInterest%3D%28244%2C167%29&hash=cac9376d228631caac58d074c896ff7c1ff1b134e8e0a92df94d12f6fedfcdcd,2025-07-08T08:00:36Z,"US-Präsident Donald Trump hat auf der Online-Plattform Truth Social angekündigt, dass Länder, die sich den anti-amerikanischen Positionen der Brics-Allianz anschließen, zusätzliche Zölle von 10 Proze… [+2486 chars]"
"{'id': 'globo', 'name': 'Globo'}",,EUA adiam início da vigência de tarifas e ameaçam aplicar taxas de 25% a Japão e Coreia do Sul,Prazo final para países negociarem acordos com Trump passa para 1º de agosto; bolsas registram queda,https://valor.globo.com/impresso/noticia/2025/07/08/eua-adiam-inicio-da-vigencia-de-tarifas-e-ameacam-aplicar-taxas-de-25-a-japao-e-coreia-do-sul.ghtml,https://s3.glbimg.com/v1/AUTH_63b422c2caee4269b8b34177e8876b93/public/fb_marca.png,2025-07-08T08:00:24Z,"O presidente americano, Donald Trump, lançou nova fase de sua guerra comercial e enviou cartas a 14 países com ameaças de impor tarifas mais altas a eles. Entre os alvos estão importantes parceiros c… [+443 chars]"
"{'id': 'globo', 'name': 'Globo'}",,Países do Brics reagem ante risco de sobretaxa,"Em meio à cúpula do grupo no Rio, Trump classificou as políticas do bloco de “antiamericanas” e prometeu retaliação “sem exceções” a quem se alinhar a elas",https://valor.globo.com/impresso/noticia/2025/07/08/paises-do-brics-reagem-ante-risco-de-sobretaxa.ghtml,https://s3.glbimg.com/v1/AUTH_63b422c2caee4269b8b34177e8876b93/public/fb_marca.png,2025-07-08T08:00:22Z,"A ameaça do presidente americano, Donald Trump, de impor tarifa adicional de 10% aos países alinhados ao Brics provocou reações dos principais parceiros do bloco. Não acho uma coisa muito responsável… [+548 chars]"
"{'id': 'globo', 'name': 'Globo'}",,Trump diz que há perseguição a Bolsonaro; Lula refuta interferência,Ex-presidente agradece apoio de americano e volta a classificar as denúncias e investigações contra ele como suposta “aberração jurídica”,https://valor.globo.com/impresso/noticia/2025/07/08/trump-diz-que-ha-perseguicao-a-bolsonaro-lula-refuta-interferencia.ghtml,https://s3.glbimg.com/v1/AUTH_63b422c2caee4269b8b34177e8876b93/public/fb_marca.png,2025-07-08T08:00:21Z,"Donald Trump defendeu o ex-presidente Jair Bolsonaro do que classificou como caça às bruxas e afirmou que ele deveria ser julgado pelos eleitores. Em publicação em sua rede social, o presidente dos E… [+387 chars]"
"{'id': 'bbc-news', 'name': 'BBC News'}",Wycliffe Muia,Trump's tariffs: South Africa's President Cyril Ramaphosa opposes 'unilateral' move,US President Donald Trump announces a 30% tariff on South African imports starting from 1 August.,https://www.bbc.co.uk/news/articles/cpqn4w45dj3o,https://ichef.bbci.co.uk/ace/branded_news/1200/cpsprodpb/acca/live/43c88de0-5bc4-11f0-9b31-0de8e3acd144.jpg,2025-07-08T08:00:13Z,"Trump's decision is a huge blow to South Africa. The US is its second-biggest trading partner, and South Africa's automobile, farming and textile sectors had duty-free access to the US market under t… [+3427 chars]"
"{'id': None, 'name': 'BBC News'}",,Ramaphosa opposes Trump's 30% tariff on South Africa,US President Donald Trump announces a 30% tariff on South African imports starting from 1 August.,https://www.bbc.com/news/articles/cpqn4w45dj3o,https://ichef.bbci.co.uk/news/1024/branded_news/acca/live/43c88de0-5bc4-11f0-9b31-0de8e3acd144.jpg,2025-07-08T08:00:13Z,"South Africa's President Cyril Ramaphosa has opposed what he calls the ""unilateral"" higher trade tariffs imposed on his country by the US. 
US President Donald Trump announced on Monday that he woul… [+3309 chars]"
"{'id': None, 'name': 'Ilgiornale.it'}",redazione@ilgiornale-web.it (Augusto Minzolini),Musk può far perdere il suo nemico Donald,"Dopo l'uragano The Donald non è piccola la fetta di elettori disorientata, che non sa chi votare insofferente verso un partito repubblicano trumpizzato e un partito democratico che a fasi alterne o è anestetizzato, o vive fuori dalla realtà",https://www.ilgiornale.it/news/cronache/musk-pu-far-perdere-suo-nemico-donald-2506659.html,https://img.ilgcdn.com/sites/default/files/styles/social/public/foto/2025/07/08/1751944606-azfcsecedg86qgewcc5z-ansa.jpeg?_=1751944606,2025-07-08T08:00:03Z,"Ieri l'""America Party"" di Elon Musk non ha avuto successo in borsa (la Tesla ha perso il 7% a Wall Street), ma questo non significa che non possa averlo in politica almeno per le finalità per cui lo … [+3832 chars]"
"{'id': None, 'name': 'Ilgiornale.it'}",redazione@ilgiornale-web.it (Ciro Sbailò),La strada a ostacoli dell'intelligence Usa,"L'apparato informativo non è progettato per anticipare le crisi, ma per reprimere il dissenso. Anche il servizio di intelligence militare ha fallito nel cogliere una minaccia interna evidente",https://www.ilgiornale.it/news/politica/nuovo-corso-casa-bianca-2506683.html,https://img.ilgcdn.com/sites/default/files/styles/social/public/foto/2025/07/08/1751949471-23424189-large.jpg?_=1751949471,2025-07-08T08:00:03Z,"Con il ritorno di Donald Trump alla Casa Bianca, la frattura tra presidenza e apparato informativo non è più un retroscena: è il cuore del problema. La direttrice della National Intelligence, Tulsi G… [+3669 chars]"
